{"loss": [3.4564902782440186, 2.478656768798828, 1.5852322578430176, 1.0150576829910278, 0.7069531679153442, 0.5714883804321289, 0.4085894525051117, 0.3591141998767853, 0.33047249913215637, 0.2921603322029114, 0.2599738538265228, 0.24886567890644073, 0.22419323027133942, 0.20520085096359253, 0.20872531831264496, 0.16796700656414032, 0.15906669199466705, 0.17253795266151428, 0.17446456849575043, 0.13788491487503052, 0.15158896148204803, 0.15032728016376495, 0.10224573314189911, 0.13189752399921417, 0.10974515229463577, 0.13989998400211334, 0.12285544723272324, 0.12167531251907349, 0.12438303977251053, 0.111236073076725, 0.13316310942173004, 0.10924022644758224, 0.10706201940774918, 0.09964463859796524, 0.11280123889446259, 0.12986546754837036, 0.10837239772081375, 0.12516625225543976, 0.09895313531160355, 0.12757498025894165, 0.10580888390541077, 0.24059288203716278, 0.10182273387908936, 0.10169126093387604, 0.11493822187185287, 0.13459758460521698, 0.10135377198457718, 0.12085530906915665, 0.08119301497936249, 0.08442789316177368], "accuracy": [0.0855555534362793, 0.3392592668533325, 0.5825926065444946, 0.7185184955596924, 0.8037037253379822, 0.8399999737739563, 0.8792592883110046, 0.9062963128089905, 0.9085184931755066, 0.9233333468437195, 0.9251852035522461, 0.9314814805984497, 0.9370370507240295, 0.9385185241699219, 0.9437037110328674, 0.9522222280502319, 0.9570370316505432, 0.9548147916793823, 0.9559259414672852, 0.9618518352508545, 0.9544444680213928, 0.9603703618049622, 0.9655555486679077, 0.9666666388511658, 0.9685184955596924, 0.9640740752220154, 0.9662963151931763, 0.9681481719017029, 0.9700000286102295, 0.9700000286102295, 0.965925931930542, 0.9685184955596924, 0.9718518257141113, 0.9729629755020142, 0.9714815020561218, 0.9670370221138, 0.9740740656852722, 0.9674074053764343, 0.9755555391311646, 0.9688888788223267, 0.9762963056564331, 0.9729629755020142, 0.9740740656852722, 0.9737036824226379, 0.9714815020561218, 0.9737036824226379, 0.9751851558685303, 0.9714815020561218, 0.9811111092567444, 0.9792592525482178], "val_loss": [2.9183919429779053, 1.3485013246536255, 0.9786580204963684, 0.520663321018219, 0.26364126801490784, 0.24709129333496094, 0.24201960861682892, 0.14153698086738586, 0.1675432324409485, 0.1274152547121048, 0.11533830314874649, 0.09862401336431503, 0.08903969079256058, 0.10058960318565369, 0.05589091032743454, 0.0845806673169136, 0.05160817503929138, 0.06555237621068954, 0.030305204913020134, 0.04991653934121132, 0.06829468160867691, 0.039138372987508774, 0.042463481426239014, 0.04635239765048027, 0.0377601683139801, 0.07461848855018616, 0.03228554129600525, 0.051408253610134125, 0.07175987958908081, 0.07369080930948257, 0.06138162687420845, 0.05720735713839531, 0.05169744789600372, 0.0448349229991436, 0.07580451667308807, 0.029692014679312706, 0.047213323414325714, 0.027728736400604248, 0.04210706427693367, 0.03592480719089508, 0.055926114320755005, 0.05566057190299034, 0.06124602630734444, 0.035217054188251495, 0.059108421206474304, 0.022531850263476372, 0.031187616288661957, 0.022512070834636688, 0.026697054505348206, 0.018140986561775208], "val_accuracy": [0.23333333432674408, 0.6358333230018616, 0.76583331823349, 0.8891666531562805, 0.9391666650772095, 0.9375, 0.9350000023841858, 0.9641666412353516, 0.9558333158493042, 0.9674999713897705, 0.9683333039283752, 0.9700000286102295, 0.9666666388511658, 0.9683333039283752, 0.98416668176651, 0.9725000262260437, 0.98416668176651, 0.9791666865348816, 0.987500011920929, 0.9883333444595337, 0.9758333563804626, 0.9858333468437195, 0.9866666793823242, 0.9833333492279053, 0.9858333468437195, 0.9850000143051147, 0.9916666746139526, 0.9858333468437195, 0.9741666913032532, 0.98416668176651, 0.987500011920929, 0.9808333516120911, 0.9883333444595337, 0.987500011920929, 0.9825000166893005, 0.9908333420753479, 0.987500011920929, 0.9950000047683716, 0.9925000071525574, 0.9883333444595337, 0.9833333492279053, 0.9850000143051147, 0.9825000166893005, 0.9916666746139526, 0.9850000143051147, 0.9933333396911621, 0.9916666746139526, 0.9941666722297668, 0.9933333396911621, 0.9916666746139526]}